보고서,날짜,시간,팀_규모,활동_팀원,대기_팀원,용량_활용률,신뢰도,블로커_건수,배포_상태,주요_상태
조직용량일일보고서,2026-06-14,18:00,15명,11명,4명,85%,96%,1건,HTTP200(6h44m+),정상운영+회귀해결

프로젝트,상태,진도,예상완료,팀_규모,우선순위
AUDIT-P1,✅완료,100%,2026-06-09,6명,완료
DISCORD-BOT-P1,✅완료,100%,2026-06-12,6명,완료
BM-P1,✅완료,100%,2026-06-09,6명,완료
TRAVEL-P2-UI,✅완료,100%,2026-06-12,6명,완료
Asset-Master-Phase3-6,🟡진행중,8%,2026-06-25,3→5명,CRITICAL
Memory-P2,⚪대기,0%,2026-06-20,2명,HIGH
Dashboard-P1,⚪대기,0%,2026-06-16,2명,MEDIUM

지표,2026-06-13,2026-06-14,변화,상태
용량활용률,82%,85%,+3%,🟢정상
활동팀원,11명,11명,변화없음,🟡부분활동
대기팀원,4명,4명,변화없음,🟡확대준비
신뢰도,96%,96%,변화없음,✅초과달성
블로커,0건,1건,+1건,🟡모니터링중

주요_사건,시간,상태,복구시간
Vercel_HTTP404_회귀,2026-06-14_11:42,🔴감지,2m32s_완전해결
db30_SQL_대기,2026-06-14_14:00,🟡진행중,6h+_펀딩중
Memory-P2_준비,2026-06-14_18:00,⚪준비,예상_자정_시작

권장조치,우선도,담당,기한,상세
Asset-Master_일일12시간투입,🔴CRITICAL,비서,2026-06-14_18:30,팀확대+일일시간상향
Memory-P2_준비진행,🟡HIGH,웹개발자,2026-06-14_23:59,db30완료_대기
db30_SQL_모니터링,🟡HIGH,자동화전문가,2026-06-14_23:59,30분주기_확인
